Commodity,January 2015,February 2015,March 2015,April 2015,May 2015,June 2015,July 2015,August 2015,September 2015,October 2015,November 2015,December 2015,January 2016,February 2016,March 2016,April 2016,May 2016,June 2016,July 2016,August 2016,September 2016,October 2016,November 2016,December 2016,January 2017,February 2017,March 2017,April 2017,May 2017,June 2017,July 2017,August 2017,September 2017,October 2017,November 2017,December 2017,January 2018,February 2018,March 2018,April 2018,May 2018,June 2018,July 2018,August 2018,September 2018,October 2018,November 2018,December 2018,January 2019,February 2019,March 2019,April 2019,May 2019,June 2019,July 2019,August 2019
01 Live Animals,"772,193","2,735,295","575,410","513,303","412,544","891,377","886,743","1,644,213","863,735","398,464","130,824","420,284","327,512","329,329","616,546","546,138","458,238","676,112","382,819","1,017,227","902,707","498,168","555,322","89,405","158,054","1,276,680","399,593","383,439","648,357","3,625,581","2,491,004","575,443","895,481","1,674,546","255,322","4,343,015","143,060","212,766","2,591,785","1,801,743","2,785,120","1,575,352","664,085","852,566","1,336,211","1,265,884","596,400","765,054","4,526,008","4,841,377","4,220,013","6,227,081","4,678,475","512,846","280,296","594,788"
02 Meat And Edible Meat Offal,"21,369,220","15,530,367","24,437,615","29,552,939","34,011,271","29,631,284","35,187,575","31,035,825","34,644,181","29,070,241","24,487,249","26,658,601","31,493,577","37,649,648","51,369,129","54,481,396","68,625,708","61,209,690","56,318,904","41,171,673","40,696,683","45,048,219","50,061,296","46,484,627","35,303,489","44,180,344","50,423,798","47,449,412","56,976,343","49,284,597","33,152,817","35,321,748","35,959,742","41,657,019","47,571,788","44,618,537","41,999,915","44,669,451","49,058,033","51,389,220","38,194,393","30,058,255","20,694,639","19,104,251","20,810,301","19,298,646","24,354,198","31,543,206","30,882,865","33,341,301","39,339,171","47,402,735","56,703,351","78,839,774","130,612,316","117,818,696"
"03 Fish, Crustaceans & Aquatic Invertebrates","34,517,333","79,435,553","117,466,789","71,576,877","86,334,333","43,413,660","72,406,076","159,893,877","149,237,625","82,920,578","68,618,711","42,121,473","26,746,285","74,886,119","100,758,385","78,812,067","75,994,953","58,159,150","95,720,537","119,555,796","106,059,682","90,358,474","57,812,829","64,366,660","45,815,811","60,369,801","119,923,132","110,079,365","60,151,849","66,554,342","103,893,135","174,797,280","186,268,646","123,190,185","84,739,096","99,943,780","55,924,587","100,565,230","114,582,303","109,770,406","89,477,089","86,251,533","79,542,320","111,236,192","117,986,004","78,957,031","71,107,164","49,312,194","39,677,317","69,119,306","99,050,398","71,522,226","71,455,325","46,259,353","73,068,233","128,948,895"
04 Dairy Prods; Birds Eggs; Honey; Ed Animal Pr Nesoi,"17,280,731","21,095,657","28,286,649","33,023,011","37,718,365","28,247,642","23,302,392","23,812,074","18,220,130","21,032,019","22,138,992","19,447,315","15,221,950","18,654,652","16,598,745","17,262,001","22,176,613","22,136,513","25,343,651","23,792,145","19,730,264","24,627,696","26,594,438","33,472,452","26,867,016","34,656,307","37,964,200","34,421,173","37,958,275","34,318,527","32,822,738","35,703,795","31,884,559","35,289,841","32,270,651","33,548,705","23,061,222","30,659,361","40,917,177","42,794,232","38,837,513","31,804,783","20,321,003","19,610,708","13,341,512","16,775,755","17,528,474","18,961,732","13,609,349","14,310,232","16,893,299","14,624,053","14,084,212","16,678,402","14,340,124","11,349,177"
"05 Products Of Animal Origin, Nesoi","17,273,519","14,954,845","24,928,868","24,514,718","25,390,025","25,569,330","24,822,258","22,188,590","23,994,976","15,800,649","19,182,308","27,580,407","18,500,213","24,737,772","26,640,419","22,824,233","23,336,922","21,718,167","21,057,262","17,698,422","18,291,416","18,934,600","19,289,598","21,055,991","17,668,288","17,224,191","24,214,962","21,100,152","23,294,511","20,367,851","19,402,756","23,779,495","21,404,259","23,492,424","26,463,005","28,979,079","22,846,126","20,941,389","28,098,058","30,382,992","29,676,581","30,757,769","26,799,867","26,834,362","21,505,860","28,940,817","25,843,715","24,469,498","24,735,906","21,272,572","26,272,777","24,202,107","26,333,433","24,281,663","22,447,717","23,461,330"
"06 Live Trees, Plants, Bulbs Etc.; Cut Flowers Etc.","424,527","643,807","3,114,329","448,855","145,584","227,454","171,297","340,302","755,847","521,140","202,072","274,527","535,804","601,930","2,259,448","259,590","235,276","126,279","267,514","166,869","272,722","335,824","117,941","292,457","122,927","654,501","672,140","390,101","273,741","157,313","161,942","278,835","220,911","325,719","266,537","951,671","281,534","385,234","819,286","275,995","431,577","229,364","269,802","295,047","161,630","616,058","316,951","496,227","293,266","742,863","381,940","398,966","463,321","541,081","490,794","267,023"
07 Edible Vegetables & Certain Roots & Tubers,"2,898,121","9,950,706","6,389,571","3,132,642","2,699,094","2,728,093","1,752,662","4,264,906","4,491,124","4,197,207","3,483,355","3,139,140","1,397,893","1,414,605","2,698,809","2,472,634","3,203,918","2,252,876","2,373,265","12,951,147","2,687,590","2,373,828","3,213,695","3,082,340","2,962,199","2,098,511","4,459,771","3,915,518","5,119,981","8,699,020","2,919,232","4,312,594","3,258,937","2,803,686","3,043,449","3,981,271","1,946,649","2,969,961","3,123,184","4,124,911","4,152,274","2,782,271","2,010,835","1,764,766","2,688,968","2,271,629","2,035,076","4,014,730","2,625,865","2,060,740","2,247,954","2,514,125","3,292,876","2,022,545","1,759,239","2,068,448"
08 Edible Fruit & Nuts; Citrus Fruit Or Melon Peel,"20,327,172","16,215,303","34,737,193","27,013,295","28,508,224","44,342,216","45,317,132","16,432,997","21,816,694","35,867,283","32,283,309","27,352,150","15,800,819","25,476,766","21,251,785","23,942,754","28,836,421","50,918,058","52,669,641","21,617,244","23,358,637","30,645,693","52,001,956","33,127,784","17,650,773","19,237,314","24,932,016","30,503,995","36,042,005","36,619,372","96,145,510","36,687,893","24,791,458","44,699,105","70,813,921","50,976,885","31,053,200","30,600,481","46,387,280","34,607,819","18,698,408","48,707,759","66,517,414","17,508,386","22,584,636","36,451,555","58,706,661","39,114,601","18,667,353","19,848,789","26,565,808","43,473,881","46,534,708","54,320,028","83,615,780","36,208,908"
"09 Coffee, Tea, Mate & Spices","1,244,172","1,594,370","947,925","732,593","1,621,606","754,793","1,836,897","1,114,857","870,437","829,654","1,299,763","855,634","876,182","974,929","2,333,270","1,129,762","2,038,977","1,282,840","1,800,340","1,258,494","1,206,217","933,175","1,895,090","1,677,891","1,515,033","2,073,017","1,568,218","1,763,317","1,901,116","2,332,860","2,136,041","1,093,587","1,770,918","1,198,834","2,658,780","2,185,423","3,294,902","2,133,456","2,511,978","2,522,646","2,324,473","1,486,125","1,940,142","1,796,822","2,096,609","2,026,903","5,225,413","1,943,973","2,485,211","1,306,566","1,168,035","2,531,710","1,691,880","1,226,012","2,142,570","1,535,932"
10 Cereals,"183,147,547","239,260,848","288,334,078","244,992,586","173,762,070","89,726,518","213,533,943","197,199,387","292,734,320","159,214,501","250,393,115","134,062,325","134,280,434","110,316,379","133,610,859","150,597,684","72,014,882","83,465,970","155,021,082","117,705,992","66,135,745","34,860,144","69,381,363","167,403,459","165,771,602","80,261,258","116,540,398","106,426,456","159,993,970","101,003,420","192,131,086","102,171,205","87,021,412","36,045,302","113,307,395","87,550,869","118,225,810","171,606,980","195,100,176","155,381,968","29,072,277","1,492,654","261,288","11,069,018","1,098,252","2,470,128","1,728,917","1,337,895","1,752,922","1,169,784","10,913,551","126,625","33,011,849","71,240,242","10,440,424","43,767,060"
11 Milling Products; Malt; Starch; Inulin; Wht Gluten,"1,646,842","754,821","2,034,094","2,716,975","579,933","3,029,171","1,544,868","1,801,527","1,264,694","1,936,073","1,032,013","972,491","468,505","732,026","825,231","1,087,974","1,135,645","2,087,367","1,122,854","1,507,047","919,648","838,000","723,217","1,626,308","586,871","956,972","501,973","403,292","793,109","907,300","972,612","883,433","803,513","1,136,678","1,066,967","724,772","426,453","1,013,106","842,512","560,392","473,178","778,086","830,067","97,404","641,962","934,962","497,640","1,068,829","542,038","569,981","554,711","615,177","754,685","888,746","637,995","710,659"
"12 Oil Seeds Etc.; Misc Grain, Seed, Fruit, Plant Etc","1,969,517,527","1,077,382,113","446,792,592","162,908,337","55,726,675","44,765,611","50,779,428","46,367,915","418,988,021","2,855,126,330","2,405,293,423","1,522,713,963","1,436,034,027","1,186,353,711","451,821,155","84,873,101","82,657,665","110,427,699","492,570,470","858,340,986","1,058,095,964","3,538,159,307","3,230,371,736","2,375,734,425","1,801,152,391","1,119,406,076","547,744,404","320,215,250","200,526,980","182,308,155","231,034,427","508,066,740","1,133,358,615","2,736,207,618","2,481,440,100","1,579,047,204","1,281,107,295","861,974,166","475,729,372","214,965,696","261,541,469","148,265,080","85,053,956","85,698,087","30,229,177","122,620,062","26,146,124","71,860,027","491,820,755","772,026,439","533,285,988","229,956,285","481,154,549","637,135,840","724,333,892","995,165,163"
"13 Lac; Gums, Resins & Other Vegetable Sap & Extract","2,718,357","2,783,874","7,192,011","5,162,506","3,265,045","3,161,237","6,469,407","5,903,864","2,230,001","3,209,632","5,225,841","2,756,256","2,436,870","5,832,424","2,348,778","3,169,407","2,809,683","3,358,031","4,618,856","3,840,583","7,444,319","3,534,874","4,014,871","1,872,752","4,019,967","2,879,274","2,334,272","2,529,123","5,023,254","4,769,362","3,859,816","3,055,781","2,769,755","2,454,902","2,247,515","3,122,171","2,656,086","4,833,016","8,216,398","3,739,825","3,712,155","3,608,511","6,002,387","3,813,347","3,498,724","2,201,134","2,641,469","1,205,827","2,616,458","3,812,764","3,831,403","3,591,897","2,501,112","2,207,554","2,544,895","3,078,073"
14 Vegetable Plaiting Materials & Products Nesoi,"329,887","273,667","302,637","658,896","1,027,408","724,515","582,208","528,916","446,017","434,078","505,954","615,766","303,060","432,376","97,218","10,745","977,354","146,265","151,559","187,327","193,707","296,203","419,851","627,805","221,787","861,656","405,106","424,797","376,169","242,056","570,321","89,254","343,256","356,364","645,560","896,016","372,010","864,185","1,261,574","1,151,617","942,506","165,098","45,722","55,161","15,420","83,626","171,364","481,329","206,557",,"201,808","15,143","40,464",,,
"15 Animal Or Vegetable Fats, Oils Etc. & Waxes","2,142,482","3,029,426","6,944,135","2,655,102","4,183,358","3,796,553","4,088,345","3,843,785","2,947,939","3,316,334","4,286,238","16,551,863","3,038,468","2,246,844","4,156,982","2,351,822","4,091,932","3,923,748","2,772,630","4,216,075","34,464,919","29,489,641","32,916,159","21,836,265","3,258,065","26,438,157","3,731,348","3,591,029","4,056,451","3,185,358","2,659,093","3,979,145","2,990,050","3,644,338","3,579,666","3,845,220","4,850,799","4,044,658","5,172,910","5,120,394","5,736,017","4,044,465","4,290,549","5,214,227","4,169,899","4,747,726","4,856,046","2,502,494","2,683,064","3,295,073","2,928,980","3,507,623","4,070,157","3,891,855","3,180,218","3,915,584"
"16 Edible Preparations Of Meat, Fish, Crustaceans Etc","6,737,456","7,701,657","6,816,849","5,507,026","4,096,637","4,031,574","4,455,557","5,447,208","7,077,426","7,240,377","9,380,883","8,908,460","7,610,807","5,862,121","4,051,463","3,757,504","5,929,180","7,740,833","4,119,077","5,128,729","3,546,402","1,956,071","2,389,620","2,879,052","2,521,828","2,663,676","4,217,222","5,759,054","2,672,284","2,612,084","2,672,531","3,341,779","3,118,972","3,350,870","3,681,673","3,864,379","7,755,954","4,059,612","2,172,912","4,857,495","4,347,265","5,722,615","4,261,594","5,308,463","5,145,880","4,180,023","4,218,323","2,650,091","2,090,338","2,704,891","2,393,763","289,659","444,958","1,365,904","178,570","345,336"
17 Sugars And Sugar Confectionary,"5,471,345","5,136,204","7,654,425","7,843,819","6,173,731","8,050,330","5,832,036","5,979,830","6,376,148","4,867,052","6,035,367","4,993,477","4,159,463","4,263,988","4,781,130","4,540,273","6,417,272","4,847,345","3,990,461","6,613,797","4,637,689","6,725,555","6,281,869","5,987,207","5,383,876","5,322,005","6,931,201","6,863,427","6,029,162","6,113,465","6,975,771","8,671,017","6,187,103","7,513,662","6,038,743","7,056,914","6,025,287","7,551,291","8,360,571","9,605,532","7,866,831","9,335,475","7,223,683","9,566,279","8,063,405","8,365,794","6,962,887","6,719,793","6,457,862","6,788,182","7,832,161","7,735,583","4,347,095","6,464,856","6,732,809","6,175,064"
18 Cocoa And Cocoa Preparations,"1,633,963","1,335,186","1,273,750","2,493,713","3,429,736","4,427,623","3,984,366","3,441,369","4,405,334","2,837,761","3,851,685","2,215,213","1,189,689","1,894,485","1,339,168","2,356,164","3,261,560","3,857,907","2,046,651","2,145,057","4,091,028","3,270,254","3,193,631","2,639,199","1,044,263","1,305,023","1,496,023","1,562,487","2,142,639","3,693,771","2,146,346","2,430,254","2,552,212","3,506,325","4,164,420","1,552,920","1,727,494","2,072,193","1,137,447","2,604,086","1,597,241","4,436,510","2,412,869","2,302,012","5,053,610","4,765,159","3,320,708","2,948,897","2,399,528","1,295,306","2,517,512","2,858,574","4,661,549","3,580,970","2,914,586","3,317,777"
"19 Prep Cereal, Flour, Starch Or Milk; Bakers Wares","3,695,451","2,983,000","3,797,870","4,966,979","7,115,151","8,671,997","9,214,643","7,442,360","9,207,315","9,332,067","10,689,090","10,423,757","7,672,696","5,895,592","7,108,718","4,999,092","5,706,682","6,068,989","5,214,209","4,878,359","5,892,732","7,203,294","5,463,750","6,834,060","4,247,430","4,481,894","6,671,236","7,186,784","5,898,829","7,460,588","6,451,307","9,603,130","9,811,174","9,661,284","8,670,276","9,186,592","5,790,284","5,633,603","6,493,097","10,174,797","9,257,084","6,843,974","7,961,360","8,285,517","8,950,393","9,860,349","6,338,068","5,316,456","7,438,761","5,451,840","8,412,486","9,103,669","9,934,138","6,916,671","7,983,053","10,621,516"
"20 Prep Vegetables, Fruit, Nuts Or Other Plant Parts","8,541,103","11,184,234","15,963,682","19,153,323","20,484,571","20,525,499","20,150,614","24,472,160","19,598,799","22,949,527","22,576,296","22,895,692","13,831,063","26,943,069","19,089,375","24,227,206","28,383,466","27,308,759","18,599,801","21,726,870","26,433,883","19,308,143","22,497,359","17,987,077","14,655,810","19,773,643","24,135,620","19,480,541","24,573,002","21,248,346","17,056,849","17,687,812","14,590,998","21,653,411","17,904,372","18,913,857","8,514,522","13,698,004","25,944,255","28,806,665","28,631,157","27,871,779","22,205,343","19,906,263","17,506,751","22,010,853","52,759,128","25,356,928","10,771,272","16,405,792","13,853,846","14,006,814","16,124,112","20,134,084","18,498,228","14,986,578"
21 Miscellaneous Edible Preparations,"6,717,551","10,453,433","13,729,987","18,304,070","16,417,441","13,794,440","12,457,426","12,675,244","12,291,072","13,095,655","18,747,367","13,409,689","14,560,215","13,533,283","13,461,842","14,869,959","13,080,585","10,832,779","11,067,209","10,044,280","10,565,158","11,495,426","13,152,370","10,777,550","9,149,101","17,833,433","14,605,066","14,968,493","21,559,768","16,667,008","19,951,643","13,998,312","17,901,990","17,191,905","18,794,291","15,900,376","12,195,348","13,154,465","20,204,666","18,732,613","27,270,406","20,813,844","22,479,783","33,500,398","23,097,906","25,047,172","23,737,185","26,388,667","21,162,676","21,481,617","22,667,702","24,266,349","30,748,459","26,258,099","24,179,420","27,900,727"
"22 Beverages, Spirits And Vinegar","7,130,569","5,597,277","11,888,973","9,296,854","10,963,864","18,188,093","29,362,414","14,563,083","6,988,462","64,123,928","38,043,188","24,325,957","47,472,996","24,220,760","69,796,359","84,998,140","43,626,323","14,462,493","17,174,286","12,237,261","37,989,528","13,896,111","57,000,218","10,433,685","7,424,401","5,799,828","6,957,546","10,628,441","10,008,884","8,583,618","9,709,837","7,758,703","9,761,760","8,936,763","22,780,260","85,352,141","4,621,640","59,887,458","42,098,359","12,464,283","11,474,831","8,792,941","7,641,066","7,863,403","4,645,820","6,513,213","9,399,396","6,123,329","4,414,978","5,292,661","6,849,143","6,888,126","7,587,636","8,359,237","5,730,704","8,611,598"
23 Food Industry Residues & Waste; Prep Animal Feed,"52,985,770","93,718,151","158,407,850","198,534,790","292,674,673","276,077,921","299,952,057","238,564,569","162,289,487","127,727,144","104,046,251","73,397,700","76,583,745","82,541,443","67,571,346","63,738,375","87,533,531","112,130,723","132,275,138","93,681,655","58,690,688","66,333,597","38,187,642","36,629,406","37,726,143","34,691,067","39,793,436","44,901,810","37,061,091","32,663,526","28,276,960","31,063,387","30,925,639","34,469,726","30,653,410","31,620,401","20,619,238","28,441,195","33,743,476","40,002,070","33,294,077","29,530,796","31,253,535","31,049,225","27,165,410","32,663,613","34,847,859","21,543,529","21,631,419","20,176,507","32,940,601","43,216,117","32,991,356","29,675,046","25,531,813","33,054,442"
24 Tobacco And Manufactured Tobacco Substitutes,"2,234,246","22,167,397","127,274,063","37,777,766",,"16,964","541,300","951,495","1,784,540","3,657,862","1,683,000",,"10,452,040","114,003,526","47,533,782",,"153,509","2,560",,,"95,728","22,176",,"21,965","24,414","3,713,807","120,691,932","37,958,849","66,856","70,461",,,,"150,000","7,033",,,"8,732,790","120,023,278","21,218,920","7,977,024","30,000",,"13,880",,"5,550",,"23,003","8,160","3,120","29,402","29,705","36,335","127,680","334,896","73,073"
25 Salt; Sulfur; Earth & Stone; Lime & Cement Plaster,"13,956,072","19,739,429","16,932,480","16,972,387","31,994,458","15,990,037","14,420,172","16,765,628","22,244,824","14,072,748","15,017,611","19,787,578","17,003,070","13,497,142","20,224,742","16,960,279","18,192,080","17,788,533","16,095,009","21,067,297","23,488,361","18,214,230","18,203,341","17,949,369","25,463,457","23,656,917","25,795,544","26,056,301","27,431,901","43,022,451","31,191,002","27,528,579","26,968,825","35,691,502","36,202,259","28,209,757","24,421,637","31,689,041","35,670,523","39,720,345","26,372,628","29,143,998","35,631,091","15,861,186","21,648,341","30,264,952","25,217,349","17,937,677","29,622,167","19,062,218","18,973,435","19,117,452","26,216,957","23,509,816","16,868,657","16,474,405"
"26 Ores, Slag And Ash","54,685,571","81,669,720","77,634,752","52,689,550","54,297,667","70,059,569","73,054,728","114,770,805","201,718,814","82,900,808","79,586,188","40,728,792","49,389,213","56,812,011","72,230,584","49,651,200","48,022,568","59,623,290","80,169,660","96,883,177","78,289,692","172,737,590","90,328,690","113,750,401","59,397,011","52,618,891","68,244,039","66,241,669","63,008,255","53,915,636","149,304,238","89,686,114","129,037,215","126,050,163","121,661,646","96,507,235","111,390,710","50,139,097","81,017,132","44,698,117","73,977,839","93,251,967","124,375,031","79,627,901","23,167,824","54,310,878","6,719,271","13,868,113","6,783,919","13,681,896","8,446,613","4,687,366","11,888,372","2,866,548","15,209,382","30,784,090"
"27 Mineral Fuel, Oil Etc.; Bitumin Subst; Mineral Wax","83,709,530","205,420,116","172,884,845","189,853,560","116,489,382","140,232,311","196,700,807","232,371,537","175,887,194","255,082,838","210,344,427","240,112,040","224,215,067","186,024,157","237,847,534","176,337,361","213,966,455","74,711,658","159,058,237","96,379,873","90,851,093","261,365,370","489,712,855","359,930,781","523,557,057","807,133,099","535,554,295","677,636,552","593,160,540","447,326,210","306,103,630","523,979,202","787,247,787","1,363,829,483","895,291,594","1,036,736,254","1,042,657,142","962,328,525","1,418,688,767","1,072,220,778","928,576,819","1,096,700,690","1,059,572,577","199,100,950","57,326,617","168,223,660","113,280,270","332,002,210","234,119,412","303,017,802","230,193,098","138,917,514","584,248,024","608,157,962","462,365,883","517,905,265"
28 Inorg Chem; Prec & Rare-earth Met & Radioact Compd,"77,481,484","173,803,632","91,365,768","92,958,369","78,024,479","58,376,590","55,298,011","60,498,872","65,150,097","57,541,130","54,078,662","96,071,199","56,397,916","48,306,271","71,964,808","64,891,182","59,254,526","70,465,850","74,980,067","48,805,795","44,882,434","87,472,307","87,847,643","58,418,230","51,803,979","62,878,961","73,613,922","63,923,184","73,082,859","62,956,866","63,153,783","59,488,837","62,638,333","67,251,022","65,882,126","82,626,550","63,085,382","82,964,470","83,677,250","79,592,795","71,711,261","74,247,494","71,129,069","96,323,245","82,583,505","60,129,460","78,845,406","57,698,381","62,681,517","51,942,076","71,924,440","78,629,205","88,361,483","89,797,774","63,406,737","75,755,026"
29 Organic Chemicals,"144,122,098","235,833,272","204,057,818","214,146,726","260,921,759","294,395,885","206,426,573","163,545,368","150,887,447","174,306,378","231,416,792","165,018,180","164,443,387","176,666,883","188,900,061","214,250,674","191,927,493","221,353,645","201,993,552","199,648,559","197,488,179","214,050,323","207,708,609","350,306,979","201,500,505","191,203,086","226,192,691","227,080,022","223,235,165","215,612,939","240,338,342","219,229,267","231,916,545","215,935,455","317,162,148","293,684,542","233,129,865","264,249,668","205,924,660","268,218,123","308,200,722","229,120,506","228,744,404","263,340,567","274,680,540","213,439,425","190,384,243","149,151,281","146,573,910","233,559,014","191,795,271","185,496,910","217,102,510","187,544,691","218,553,954","166,001,887"
30 Pharmaceutical Products,"121,072,553","94,403,975","142,029,275","135,118,019","149,775,993","164,981,172","259,609,245","131,211,230","124,494,818","217,639,615","146,618,353","161,646,780","121,588,707","165,837,007","140,081,519","193,943,448","141,628,911","186,950,476","207,068,727","154,266,882","156,492,423","220,019,795","171,091,554","141,834,983","141,289,614","171,589,564","180,374,078","178,145,258","429,378,243","217,994,252","191,911,142","149,554,149","149,529,446","171,103,926","247,839,975","220,204,053","216,777,939","173,802,234","209,145,258","197,559,740","231,829,600","215,269,713","229,159,922","295,131,321","196,074,324","274,859,103","268,002,259","271,510,813","379,363,991","171,456,361","773,859,980","237,416,492","270,523,497","246,452,850","257,202,751","248,718,931"
31 Fertilizers,"17,139,598","6,274,649","18,926,615","15,437,659","2,208,314","10,478,821","1,289,743","5,743,721","12,372,549","6,495,050","1,298,847","7,360,393","6,839,935","2,037,482","6,707,203","3,738,236","1,206,499","1,681,611","11,515,780","9,489,745","6,380,623","1,592,750","983,376","22,105,943","3,857,329","5,399,264","7,136,556","13,442,577","6,248,245","4,838,313","12,809,585","962,497","6,357,543","14,619,389","20,377,348","7,306,000","27,890,829","8,402,112","7,479,095","15,642,731","10,505,789","16,948,302","14,455,095","20,796,541","29,105,102","21,987,563","27,488,361","47,781,350","52,402,316","8,156,832","32,789,852","44,469,947","12,995,533","16,365,756","6,785,622","29,011,606"
"32 Tanning & Dye Ext Etc; Dye, Paint, Putty Etc; Inks","30,016,993","29,629,838","34,898,386","38,319,030","41,950,167","41,802,409","40,426,053","36,728,938","28,888,727","25,947,574","29,490,720","29,623,540","26,107,715","30,858,039","32,606,521","34,518,461","37,248,604","34,871,621","37,320,511","34,154,518","38,445,598","39,839,592","38,812,993","39,503,093","35,184,827","35,214,047","41,746,459","39,876,788","36,480,110","41,676,294","34,247,361","36,117,264","36,793,810","39,978,528","37,243,768","42,653,871","30,011,582","36,750,691","40,976,252","40,615,431","45,103,325","43,088,209","43,075,248","35,976,708","38,777,493","35,691,472","36,640,053","35,782,450","33,507,280","29,324,226","37,589,554","32,678,835","44,764,736","40,766,359","31,275,851","33,081,421"
"33 Essential Oils Etc; Perfumery, Cosmetic Etc Preps","22,120,960","28,254,425","36,587,238","38,685,537","38,212,918","38,230,467","39,353,021","33,642,474","30,400,577","31,914,878","32,644,696","32,322,194","29,406,905","31,527,640","31,380,910","32,699,191","33,133,666","32,473,643","35,695,257","34,542,558","31,965,043","38,760,756","34,519,402","35,546,168","34,124,107","34,821,680","44,443,747","45,553,475","42,551,858","41,710,759","43,493,982","44,126,499","45,910,473","53,623,214","46,406,618","46,934,170","46,329,480","45,178,738","57,379,515","63,521,218","66,028,690","61,695,926","60,538,311","59,016,366","59,169,130","74,603,108","60,047,507","58,055,547","51,593,089","60,681,385","78,280,380","72,472,430","92,194,653","75,873,144","74,558,844","87,660,137"
"34 Soap Etc; Waxes, Polish Etc; Candles; Dental Preps","42,159,986","42,973,619","57,044,297","54,789,350","55,171,838","49,451,202","55,143,362","62,561,210","47,413,992","41,963,979","39,787,269","45,764,167","39,447,327","42,891,525","51,410,245","52,243,515","47,417,467","53,611,923","50,517,280","48,118,154","46,014,788","56,062,869","45,705,382","43,309,559","47,641,088","53,318,247","51,116,666","57,742,324","58,032,475","53,004,689","52,529,957","53,512,935","45,689,925","46,000,779","53,245,585","50,281,259","37,774,626","51,190,736","52,385,330","54,851,133","67,016,481","57,381,191","57,002,671","56,714,122","46,718,874","53,835,297","49,786,903","42,023,547","40,891,915","41,288,100","41,703,965","43,309,407","38,684,498","37,646,013","41,812,611","41,352,477"
35 Albuminoidal Subst; Modified Starch; Glue; Enzymes,"19,699,169","19,200,152","21,135,510","29,347,124","22,924,696","23,989,238","19,911,640","19,908,945","18,316,489","20,911,280","19,009,581","25,461,537","23,599,311","19,897,027","24,227,982","22,958,079","21,797,379","21,891,372","21,754,538","26,631,138","20,252,624","25,650,105","29,520,369","26,093,358","20,919,661","23,364,351","22,441,504","24,511,522","22,748,493","25,723,200","27,713,658","28,632,322","29,681,489","30,423,030","28,629,736","32,265,270","24,653,665","23,911,598","28,204,282","23,669,559","28,449,262","26,601,657","24,182,907","27,965,378","29,044,567","28,677,962","28,121,489","28,698,475","25,684,352","21,622,346","29,973,457","27,007,182","26,037,344","25,233,183","25,244,835","27,046,781"
36 Explosives; Pyrotechnics; Matches; Pyro Alloys Etc,"3,559,763","6,952,160","13,509,864","9,135,946","6,183,354","5,792,356","8,210,191","7,590,057","6,973,854","4,409,558","11,650,198","9,921,788","7,736,245","5,259,388","7,916,801","7,571,979","10,232,677","8,171,408","5,459,149","4,650,707","6,569,820","7,345,260","12,017,536","6,075,831","4,623,688","5,532,184","6,768,311","5,004,406","5,819,226","6,549,318","5,752,997","4,797,557","3,194,102","5,258,698","5,421,795","4,721,522","4,671,877","3,000,126","3,534,559","2,823,838","2,972,292","3,008,444","3,560,737","4,362,881","2,986,150","3,697,222","2,286,648","4,426,031","1,680,905","4,506,085","4,848,844","4,019,079","6,894,791","4,909,875","3,286,495","3,374,163"
37 Photographic Or Cinematographic Goods,"40,923,065","43,534,482","52,792,967","51,200,408","57,139,170","58,439,121","48,343,469","57,288,292","49,353,810","47,946,345","60,449,712","38,276,416","40,473,036","29,921,723","48,173,965","55,270,290","47,538,737","43,770,492","42,957,410","43,748,606","44,314,051","46,184,543","43,413,868","47,474,783","31,904,503","35,481,804","45,447,788","42,473,564","42,263,171","55,086,526","44,229,611","46,630,218","62,151,190","50,910,655","54,789,175","59,976,447","37,926,621","46,399,442","56,564,733","51,135,828","46,336,065","59,800,769","59,118,654","72,446,521","37,840,444","47,092,778","45,862,188","51,003,089","37,897,446","36,174,339","44,396,627","49,604,329","47,749,287","45,398,761","49,119,837","49,091,789"
38 Miscellaneous Chemical Products,"153,231,051","148,437,382","180,434,019","142,359,868","150,407,372","163,109,288","159,455,737","154,284,651","173,376,871","163,014,636","164,018,556","147,295,770","139,208,011","132,938,608","161,344,538","163,868,646","174,572,693","150,815,562","155,114,408","176,502,592","164,248,541","172,725,112","177,015,307","184,589,042","173,558,010","173,202,097","189,137,392","196,649,608","186,510,362","210,392,802","178,769,972","180,416,448","185,423,269","211,021,030","228,237,897","332,172,183","204,346,889","173,236,210","272,801,830","248,048,254","249,231,324","284,492,235","212,874,656","238,671,352","215,245,727","226,094,270","198,648,916","216,118,923","192,416,354","205,662,077","220,370,322","197,577,170","193,692,391","247,268,661","213,401,824","213,271,928"
39 Plastics And Articles Thereof,"376,472,600","363,974,853","455,679,862","445,758,547","431,810,076","411,175,498","423,859,089","413,389,118","385,995,677","403,991,241","386,785,247","409,246,619","350,092,555","392,788,928","416,181,521","397,624,527","399,090,490","398,415,997","397,410,761","380,500,260","404,064,453","426,044,055","436,402,811","534,087,087","537,734,686","550,974,410","547,384,589","444,786,179","445,711,743","428,243,454","407,459,358","473,234,616","430,211,740","471,584,266","439,889,445","484,639,296","454,408,882","491,355,029","504,381,867","461,149,147","536,811,425","567,928,847","551,259,257","486,050,988","432,766,286","423,832,680","374,266,450","416,914,969","412,503,267","388,291,607","472,052,127","429,142,898","442,689,255","438,817,770","409,752,598","426,720,993"
40 Rubber And Articles Thereof,"53,987,998","68,075,217","58,433,096","71,079,583","64,116,781","59,573,534","56,106,800","54,970,895","49,173,798","52,932,084","45,400,803","41,829,238","42,148,121","49,955,689","53,162,516","53,741,177","56,296,028","54,545,474","48,845,023","47,865,874","45,911,841","55,192,333","61,664,289","63,600,873","63,561,892","61,001,414","72,292,427","66,039,439","54,961,580","53,509,524","52,446,615","55,741,587","50,426,517","61,258,152","58,251,938","59,280,449","50,294,902","56,388,196","64,933,882","63,655,013","66,420,113","62,292,234","63,803,710","64,083,566","61,924,775","58,781,816","45,333,406","43,869,446","38,067,394","40,762,089","44,317,774","47,253,567","45,340,529","38,995,555","38,343,026","44,328,665"
41 Raw Hides And Skins (no Furskins) And Leather,"114,054,442","126,886,036","175,834,871","141,356,643","140,961,298","105,984,864","119,368,994","110,298,634","87,838,561","107,725,186","108,802,558","101,249,525","92,690,659","91,570,121","93,718,785","82,549,639","94,828,206","85,368,041","102,049,556","105,884,704","90,208,683","103,970,059","112,835,198","114,057,062","103,227,239","101,187,411","107,509,479","93,374,476","84,438,126","82,076,703","87,998,870","95,710,672","88,700,768","96,003,204","94,547,058","97,068,179","79,122,685","85,300,501","79,654,954","70,865,685","72,373,193","62,462,151","61,621,008","57,314,879","53,942,889","57,411,861","66,067,309","50,429,151","52,903,463","54,270,380","49,723,821","43,626,334","42,978,370","36,922,535","39,883,572","39,278,734"
42 Leather Art; Saddlery Etc; Handbags Etc; Gut Art,"2,597,870","2,982,086","4,745,494","4,801,074","4,334,517","3,150,031","4,667,040","5,909,325","7,209,248","7,443,366","7,113,010","8,535,668","6,100,795","3,515,591","4,958,185","4,785,025","4,073,137","3,320,156","5,009,869","4,286,260","5,420,756","4,743,939","3,299,656","4,220,486","3,398,339","3,257,907","4,313,290","5,372,160","6,517,196","4,322,348","4,687,724","6,414,238","9,728,159","9,939,925","8,051,623","11,872,098","9,466,319","5,473,759","11,357,867","11,768,432","10,493,245","9,782,458","7,991,630","11,263,476","9,227,872","7,720,682","6,068,786","6,588,427","7,242,404","3,024,488","8,598,826","6,575,527","7,393,849","7,698,649","9,262,661","5,406,071"
43 Furskins And Artificial Fur; Manufactures Thereof,"1,241,027","873,342","3,459,574","60,989,188","15,178,799","20,455,600","21,300,645","1,614,486","2,033,273","188,471","547,990","465,585","1,271,306","566,720","10,296,432","30,931,869","1,515,276","8,103,869","24,899,551","398,599","988,989","584,699","418,726","220,268","806,160","898,692","11,481,981","11,195,136","1,535,331","4,719,992","23,455,690","1,437,680","568,740","1,886,142","132,005","285,299","497,705","265,285","910,406","941,153","1,456,920","683,413","861,329","331,210","153,703","85,151","42,096","150,509","318,749","491,738","645,849","950,286","465,046","450,391","933,970","472,054"
44 Wood And Articles Of Wood; Wood Charcoal,"146,941,297","175,799,792","226,043,900","194,894,679","191,540,031","180,093,280","149,632,942","153,279,975","160,877,664","170,433,942","210,990,581","108,305,300","171,133,653","191,034,486","176,627,304","204,091,886","231,264,776","236,003,058","209,201,422","231,283,666","242,577,271","234,364,822","246,921,885","171,161,595","237,469,417","218,704,390","255,054,387","265,487,608","270,770,953","267,930,080","275,503,040","266,359,668","291,130,661","300,941,669","282,896,608","265,539,246","210,226,868","295,791,634","295,291,177","348,782,329","275,691,568","286,151,487","246,543,381","219,009,459","168,865,291","217,206,093","197,281,059","102,528,646","152,576,059","116,023,769","167,869,986","204,437,490","172,309,086","150,519,820","121,572,569","116,286,429"
45 Cork And Articles Of Cork,"12,265","15,332","66,912","76,837","31,872","217,688","237,482","25,470","97,606",,"74,319","50,501","54,856","36,713",,"12,636","107,292","30,246","16,437","64,646","18,254","120,796","50,556","25,784","13,639","12,558","11,362","114,722","24,139",,"6,780","24,799","157,092","63,567",,"133,310","24,436",,"21,105","41,910","6,514","167,277","13,326","62,062",,,"12,750",,"27,025",,"64,071","6,687","22,903","4,780","14,055",
"46 Mfr Of Straw, Esparto Etc.; Basketware & Wickerwrk",,"9,500","4,742","8,782","7,735","3,173",,"3,000","6,797","50,634","3,260",,"2,980","5,390","63,792",,"55,259","12,020","8,050","43,805","11,000","4,208",,,"4,758","599,857","32,000","73,450",,"85,785",,"19,528",,,,"4,600","4,919","51,493","4,685",,"21,949","3,165",,"57,701",,"8,710",,"10,322",,"38,653",,,"10,381",,,
47 Wood Pulp Etc; Recovd (waste & Scrap) ppr & pprbd,"292,964,184","249,156,439","282,233,780","293,365,230","292,676,871","308,228,489","315,021,825","286,436,248","288,866,392","283,851,215","262,744,955","258,197,442","258,946,823","251,940,282","239,413,788","265,865,208","277,921,256","268,372,611","286,253,526","293,604,557","296,894,111","317,289,017","306,328,152","304,814,103","328,605,391","293,902,271","296,960,831","248,201,614","248,372,990","260,429,032","282,838,587","273,998,407","268,111,044","263,971,489","272,168,416","320,526,498","249,935,267","237,167,278","247,624,187","218,525,272","235,182,515","251,287,810","219,149,726","231,024,713","249,997,496","280,284,571","271,258,417","221,701,166","188,596,135","178,391,453","221,768,622","214,262,918","205,821,654","209,278,231","188,329,824","211,191,461"
48 Paper & Paperboard & Articles (inc Papr Pulp Artl),"50,982,540","61,038,137","75,509,855","74,598,764","67,809,523","64,019,633","67,107,593","58,180,589","59,493,459","63,216,880","60,057,700","47,010,506","51,862,231","56,006,291","60,515,464","55,696,077","59,493,158","54,649,756","64,573,353","68,457,973","66,945,039","59,890,979","54,725,758","47,561,055","65,252,190","63,865,763","68,352,580","63,197,195","62,607,411","61,165,090","65,457,288","58,547,627","63,168,940","69,619,324","68,278,459","66,083,499","58,181,422","67,727,354","76,274,311","74,656,085","73,109,266","83,419,343","80,461,058","86,774,143","83,472,077","77,431,124","73,846,214","51,592,100","55,544,117","48,007,273","59,586,172","57,074,298","56,622,067","53,220,885","57,190,763","55,810,110"
"49 Printed Books, Newspapers Etc; Manuscripts Etc","11,779,134","12,135,990","14,685,644","13,967,361","15,260,142","18,218,072","16,680,633","16,721,447","16,847,820","16,731,116","15,796,357","19,998,611","14,803,982","9,287,319","13,598,409","12,963,005","11,747,609","13,330,710","15,573,962","13,465,970","12,190,065","26,500,978","10,044,727","17,031,489","10,584,145","11,098,939","13,218,780","12,044,607","13,671,117","14,982,145","11,882,191","14,734,098","12,216,169","11,675,800","11,371,586","16,486,002","10,500,509","8,873,439","14,921,853","10,905,733","15,842,883","15,227,732","13,858,527","13,656,105","11,478,742","12,077,802","10,864,220","14,892,912","11,029,081","9,270,250","14,044,495","9,677,794","11,833,106","13,676,101","9,849,593","14,284,330"
"50 Silk, Including Yarns And Woven Fabric Thereof","7,742","17,100","35,217","55,799","29,880","30,758","24,092","111,194","2,613","64,208","58,621","26,900",,"197,256","34,110","94,127","99,197","53,652","43,497","74,652","16,154","9,293","7,160","88,439","17,254","25,019","125,927","63,252","58,808","54,517","37,042","46,984","620,113","1,298,895","1,731,353","1,253,565","368,125","90,093","487,785","462,826","1,041,039","11,430",,"2,923",,"14,379",,"17,792",,"13,023",,,,,"2,605",
"51 Wool & Animal Hair, Including Yarn & Woven Fabric","13,270","1,169,449","540,453","935,253","1,936,057","1,533,257","1,527,685","1,338,986","1,291,023","832,720","413,154","764,930","397,610","317,526","1,492,668","734,780","739,422","1,174,486","1,116,388","431,031","327,555","185,851","802,431","394,814","480,674","208,136","1,119,513","825,939","2,063,129","2,115,289","2,503,290","1,846,101","830,441","2,104,532","1,029,208","1,768,638","610,901","617,937","956,407","1,531,930","2,939,028","2,239,332","3,247,461","1,757,325","353,538","227,966","266,924","214,810","450,427","327,495","305,353","1,050,606","1,603,086","986,956","257,129","874,481"
"52 Cotton, Including Yarn And Woven Fabric Thereof","92,648,494","145,045,180","191,375,420","172,606,845","135,839,739","70,995,778","41,347,263","23,204,188","14,671,467","21,130,563","31,291,255","30,312,878","31,297,486","39,070,914","51,103,216","55,037,474","60,507,004","49,217,615","41,106,790","52,501,617","41,387,367","31,740,387","93,675,123","117,292,182","136,329,405","153,418,468","152,461,374","89,477,585","56,964,834","44,101,791","52,507,623","71,640,329","43,449,542","28,201,577","71,082,384","149,027,317","156,799,850","148,889,334","141,492,428","126,335,260","90,896,881","44,459,331","46,436,125","23,581,712","33,648,332","25,563,332","47,746,169","62,817,126","53,820,535","67,709,029","77,791,529","93,550,669","101,418,155","59,264,655","29,985,575","29,965,729"
53 Veg Text Fib Nesoi; Veg Fib & Paper Yns & Wov Fab,"117,094","3,850","29,977","14,788","49,995","53,136","34,356",,"14,204","8,681","103,542","32,951","15,306","9,960","26,462","22,971","17,480","72,043","22,775","17,179","11,958","21,752","86,776","53,149","8,073","10,099","34,487",,,"10,035","33,298","19,453","61,682","7,488","3,303","52,638","6,325","8,076","20,376","11,925","8,690","2,664","58,781","7,609",,"4,761","171,439","6,584","46,433",,,"39,880","14,298","32,670","42,572","58,880"
"54 Manmade Filaments, Including Yarns & Woven Fabrics","8,459,147","6,582,090","7,828,404","9,591,948","7,385,498","9,717,785","7,897,890","10,757,554","7,497,606","6,517,287","7,534,123","9,055,036","8,592,552","8,606,352","8,207,499","10,704,333","7,945,893","7,019,359","8,222,262","11,414,894","9,190,014","7,966,819","6,816,026","7,001,502","9,964,080","9,832,619","10,809,677","10,432,572","9,828,027","9,786,570","8,462,891","9,038,703","10,415,902","9,883,481","7,226,334","7,329,152","6,198,226","7,573,494","9,555,469","10,559,545","9,004,597","11,311,950","8,711,239","9,593,771","7,691,492","9,728,923","8,683,490","8,997,469","9,306,566","7,002,290","10,303,742","7,355,463","7,672,580","10,031,200","10,420,985","8,373,428"
"55 Manmade Staple Fibers, Incl Yarns & Woven Fabrics","28,790,836","17,991,113","8,003,342","32,828,538","31,639,816","27,863,780","24,515,529","24,385,773","26,820,555","29,699,821","24,166,369","29,899,568","22,509,298","20,733,923","23,986,083","14,053,984","18,347,766","14,324,907","17,368,322","17,999,703","19,691,235","13,333,138","18,405,446","16,453,501","10,047,781","12,051,547","15,379,954","14,864,822","13,375,245","18,434,578","15,142,846","15,583,409","17,366,567","15,876,180","14,049,144","11,700,706","11,243,645","11,072,248","12,062,877","12,898,818","10,996,576","15,483,549","15,967,466","10,632,211","11,501,831","8,036,468","7,673,375","4,593,561","4,321,356","3,323,690","5,458,982","5,133,788","6,078,849","6,647,706","4,220,156","4,786,905"
"56 Wadding, Felt Etc; Sp Yarn; Twine, Ropes Etc.","13,196,955","14,378,490","15,920,987","16,445,853","17,132,113","14,270,150","15,136,836","12,988,633","11,045,204","9,450,682","12,430,600","13,392,405","12,595,103","12,935,388","17,876,149","14,607,625","12,981,903","12,256,468","15,048,299","12,948,314","15,558,212","12,170,830","11,990,361","12,303,124","11,677,847","11,949,572","15,060,681","13,212,574","15,956,204","15,661,693","14,181,254","18,538,671","17,848,375","17,723,030","17,408,464","16,504,257","11,279,539","17,551,434","18,738,966","18,143,999","18,440,535","17,285,843","21,162,954","15,408,945","13,290,953","17,692,622","14,108,315","13,248,175","16,579,973","13,322,419","15,194,872","12,596,300","14,021,660","12,957,680","13,231,776","13,041,559"
57 Carpets And Other Textile Floor Coverings,"1,486,855","1,821,464","1,459,138","868,994","1,292,554","1,857,827","1,553,248","2,063,462","1,459,732","1,032,987","798,331","1,587,195","1,488,823","1,570,959","1,185,902","2,021,160","752,331","535,898","842,111","1,984,258","1,618,921","1,844,670","1,949,798","1,330,849","583,657","2,301,816","1,627,546","1,955,336","1,356,443","1,460,953","867,294","2,412,171","1,626,248","1,555,015","1,735,441","1,423,752","1,249,502","834,528","1,886,667","1,561,762","1,361,712","1,382,129","802,095","1,340,090","1,652,429","1,489,747","1,528,386","707,014","526,897","949,068","1,573,054","896,820","2,017,868","1,584,397","2,338,473","2,246,093"
58 Spec Wov Fabrics; Tufted Fab; Lace; Tapestries Etc,"661,194","1,012,304","1,387,581","1,138,556","556,866","728,529","688,449","580,336","892,475","1,436,248","1,148,299","762,931","746,663","1,283,700","874,660","1,789,421","2,649,544","742,802","865,796","992,791","733,318","740,908","1,098,571","1,162,075","891,812","1,714,889","847,507","902,795","712,355","1,241,426","930,565","888,518","885,201","1,165,462","1,358,863","891,876","728,589","1,004,267","1,220,925","1,280,959","1,360,309","747,702","1,109,183","881,801","1,104,980","902,815","665,131","968,724","776,763","1,166,245","943,810","1,637,213","920,313","749,218","894,200","741,723"
59 Impregnated Etc Text Fabrics; Tex Art For Industry,"8,467,359","7,289,361","8,185,852","7,890,669","8,629,494","8,525,379","6,879,684","7,921,716","8,739,508","8,896,630","6,334,131","5,634,549","5,565,741","7,741,513","7,390,068","7,117,984","6,740,659","7,446,713","8,788,566","8,990,098","7,434,926","8,162,696","8,870,538","8,478,860","6,695,845","8,351,129","9,806,611","9,211,703","10,863,048","8,556,341","9,808,709","10,645,366","8,520,337","9,693,499","10,308,687","10,448,389","10,305,983","9,516,947","11,394,944","8,855,004","9,309,619","9,543,825","8,863,248","8,440,039","9,521,804","8,977,993","8,459,424","10,257,198","7,316,419","10,267,480","10,168,883","8,423,363","11,214,035","9,326,871","8,061,011","7,983,812"
60 Knitted Or Crocheted Fabrics,"828,544","2,174,801","1,819,689","1,815,460","1,843,738","1,239,653","1,263,715","1,412,039","959,056","1,169,425","1,379,821","1,254,147","714,023","1,238,433","1,369,540","1,510,071","1,311,161","1,763,011","1,727,764","1,655,689","1,133,566","1,108,429","1,293,556","977,045","1,159,371","1,246,349","1,669,434","1,130,744","942,139","1,101,732","1,081,718","1,307,564","823,388","1,097,294","1,152,834","1,147,300","923,032","954,170","1,148,854","1,728,870","1,496,026","1,510,996","890,452","1,105,828","1,263,577","1,161,552","1,165,213","1,114,284","1,303,359","1,354,004","1,692,597","1,640,360","2,043,411","1,161,868","1,255,239","1,155,378"
"61 Apparel Articles And Accessories, Knit Or Crochet","2,664,392","2,376,648","3,040,715","2,879,156","4,952,410","3,758,663","2,945,732","2,885,190","3,289,393","2,953,393","3,242,562","5,305,158","3,414,071","2,311,400","3,733,635","2,513,690","3,121,035","2,998,240","4,045,671","2,200,327","2,204,675","2,286,196","4,402,997","2,814,105","1,187,845","2,247,352","4,238,622","3,190,226","4,345,313","3,883,355","3,097,994","3,880,452","4,034,795","3,422,507","3,857,330","3,683,828","3,671,142","2,546,774","4,569,936","4,911,165","7,434,016","3,423,235","6,040,711","7,073,721","4,637,067","8,347,954","6,541,939","4,179,566","4,052,444","5,188,243","6,819,407","7,833,234","7,608,031","6,385,700","7,787,416","8,160,656"
"62 Apparel Articles And Accessories, Not Knit Etc.","2,375,963","1,891,278","3,460,237","2,958,063","1,504,275","1,323,442","2,123,684","3,151,734","1,773,049","2,959,221","2,533,257","2,755,432","2,170,250","1,962,714","4,180,674","3,424,506","2,056,268","1,850,599","2,015,436","1,978,354","1,963,688","2,621,061","3,286,012","2,386,891","1,911,062","3,548,170","4,839,098","2,788,369","2,789,496","4,445,875","3,593,011","6,002,257","3,720,964","4,562,127","3,728,586","3,247,168","3,208,132","2,492,964","4,654,754","4,896,992","5,486,500","4,045,568","7,959,832","7,887,737","7,516,880","10,547,125","6,823,759","4,625,387","3,800,715","2,267,419","3,786,402","3,609,989","4,066,846","3,210,521","4,017,535","4,294,444"
63 Textile Art Nesoi; Needlecraft Sets; Worn Text Art,"2,129,035","1,897,402","2,411,561","1,533,642","2,203,020","2,430,454","1,573,994","3,046,342","1,755,047","1,522,318","1,009,204","2,244,175","1,753,020","1,243,378","1,690,719","2,290,927","1,678,342","1,126,519","2,012,161","1,792,500","1,174,546","1,679,876","1,977,397","1,618,612","1,286,136","1,900,503","1,643,132","1,298,596","1,868,011","1,851,547","1,408,251","1,787,603","1,102,634","1,637,283","1,514,956","1,626,606","1,250,454","1,521,677","1,535,827","2,440,037","2,107,365","1,131,431","1,458,299","1,429,064","1,362,258","2,317,710","2,773,692","1,223,283","1,154,151","1,183,458","1,628,701","2,179,114","1,904,196","2,887,600","3,210,307","2,276,136"
"64 Footwear, Gaiters Etc. And Parts Thereof","5,969,160","3,996,716","7,255,616","4,743,232","4,620,658","5,487,765","6,986,667","6,878,138","7,687,709","8,389,286","8,580,610","10,704,341","7,996,887","4,927,477","8,368,489","11,567,477","7,175,539","8,390,019","8,662,761","6,424,857","5,828,198","7,650,681","5,947,769","6,926,848","6,037,055","5,925,325","9,155,847","9,115,874","9,764,586","7,956,358","7,848,105","9,679,493","11,698,112","11,960,560","8,796,966","10,831,542","13,631,970","6,837,503","13,880,232","13,278,062","9,536,799","11,739,169","12,604,265","13,385,805","10,638,968","14,953,440","12,644,946","17,661,027","15,619,038","15,133,515","22,355,052","18,550,740","19,303,413","23,853,305","25,372,717","30,591,559"
65 Headgear And Parts Thereof,"201,222","196,205","390,702","318,695","587,296","258,854","837,247","313,727","410,494","465,031","597,035","260,307","36,929","411,019","600,078","401,283","617,578","266,774","558,461","261,125","472,785","318,084","292,768","536,977","290,754","281,797","415,173","321,388","688,948","325,953","527,670","597,964","410,343","262,625","700,225","294,401","319,991","338,187","464,801","384,343","515,965","568,326","305,627","302,283","698,682","157,187","198,876","866,366","405,523","425,369","1,073,100","540,867","744,173","487,218","227,643","620,155"
"66 Umbrellas, Walking-sticks, Riding-crops Etc, Parts",,"20,696",,"62,965","74,990","12,004",,,"65,051","2,792",,,"116,197","5,939","45,663","20,297","80,345","53,974","6,935","35,528",,"24,645","4,165","13,724",,"15,865","52,330","39,098","75,832",,"15,317","33,330","4,657","40,489","106,527","44,574","156,185","94,153","91,498","34,430","84,340","44,286","141,310","123,536","51,749","16,895","60,932","15,349","37,821","33,684","33,557","9,662","176,992","62,413",,"110,928"
"67 Prep Feathers, Down Etc; Artif Flowers; H Hair Art","65,913","687,967","304,832","1,034,540","363,107","911,629","472,631","356,834","613,238","328,506","886,243","165,091","259,061","142,296","597,743","1,893,326","752,706","328,734","125,521","584,574","613,616","1,721,505","167,261","48,038","339,690","321,436","532,372","247,628","1,768,862","824,085","406,948","329,082","711,605","415,686","625,929","601,826","313,295","548,903","828,011","154,600","889,308","2,103,631","428,528","421,004","1,629,629","635,017","1,732,027","204,163","409,117","564,057","185,990","202,619","318,275","229,733","713,625","1,433,275"
"68 Art Of Stone, Plaster, Cement, Asbestos, Mica Etc.","14,524,238","16,317,406","21,701,603","19,813,221","23,098,129","19,409,251","19,163,272","19,048,330","15,083,963","19,818,632","18,319,474","21,110,821","17,860,615","16,821,030","19,944,050","18,142,786","20,019,626","19,904,099","22,418,946","21,293,529","21,474,419","22,249,905","22,223,325","21,747,378","21,881,923","20,092,459","26,952,362","24,050,590","19,927,557","19,020,159","18,804,831","22,398,612","22,596,158","22,125,691","24,336,479","23,869,198","16,728,010","20,771,423","21,859,084","23,804,750","20,116,384","22,651,674","20,734,493","19,093,052","17,463,883","18,270,896","16,628,681","18,053,921","16,462,198","16,168,107","19,957,096","19,142,948","18,195,935","15,331,041","17,577,570","22,764,544"
69 Ceramic Products,"7,090,998","5,966,243","9,206,230","8,395,014","10,807,435","7,722,837","8,292,792","6,233,265","5,985,169","7,920,842","5,239,687","6,764,869","9,083,199","6,431,284","7,593,163","10,570,956","9,704,696","12,793,456","8,854,377","7,834,976","8,030,133","8,466,886","10,172,115","9,830,272","8,333,468","11,837,590","10,475,414","9,492,187","8,288,431","9,050,979","9,499,966","10,567,497","10,579,345","11,580,135","9,653,004","10,882,152","10,436,937","8,822,097","15,249,057","7,915,269","12,879,787","13,776,857","10,953,422","13,968,085","13,217,165","13,630,807","13,288,474","14,070,609","15,881,781","13,017,828","13,415,775","10,359,682","17,155,697","14,256,919","14,360,715","17,662,398"
70 Glass And Glassware,"28,076,739","24,925,140","28,775,855","27,697,582","30,222,184","27,033,418","28,783,288","24,922,083","27,561,862","30,532,540","32,153,704","31,744,894","28,814,207","22,883,871","25,268,157","29,030,308","29,060,032","29,495,536","30,042,327","26,976,256","27,716,823","30,150,204","29,707,111","31,904,340","30,161,309","27,966,101","40,997,443","40,361,762","36,076,136","33,745,245","34,333,992","33,797,337","32,693,457","34,765,645","35,543,150","43,855,060","34,834,937","31,706,376","48,198,025","34,280,572","37,033,172","42,270,568","35,003,438","39,459,582","36,102,714","37,124,248","33,851,362","36,844,122","28,776,971","24,486,346","33,220,493","34,179,372","30,369,284","35,740,624","27,818,273","29,252,989"
"71 Nat Etc Pearls, Prec Etc Stones, Pr Met Etc; Coin","54,822,804","28,714,461","70,544,337","27,904,990","58,563,713","82,747,554","41,598,956","42,105,530","35,379,523","49,303,285","39,082,878","97,646,576","52,629,935","37,892,357","39,724,316","50,737,766","37,797,058","33,208,951","44,399,915","53,863,862","42,720,550","34,788,316","110,616,864","55,616,738","101,626,187","37,844,565","81,936,157","45,588,442","161,110,866","175,259,613","116,054,360","127,593,981","88,011,405","118,184,039","50,426,460","75,618,904","97,406,930","88,259,760","280,097,749","227,707,466","149,789,950","373,634,804","67,448,946","114,460,630","52,342,621","76,378,968","64,551,049","66,288,800","52,172,955","37,247,445","66,103,438","63,270,020","145,103,910","89,558,534","59,943,772","118,183,530"
72 Iron And Steel,"56,943,571","65,172,358","85,915,750","84,615,592","91,960,482","90,008,652","85,655,385","68,486,476","64,933,972","71,475,832","68,784,879","62,130,953","50,547,421","55,349,941","57,225,607","61,318,267","64,478,582","65,029,568","67,023,646","74,948,391","73,474,336","90,212,497","94,424,301","107,623,773","89,159,437","79,918,740","106,615,220","108,146,886","88,039,244","82,648,565","91,030,543","93,579,218","86,070,557","88,354,415","80,818,881","73,457,610","81,280,187","79,053,842","60,042,512","88,147,207","42,178,617","38,207,686","38,838,014","25,760,666","30,729,478","31,066,768","22,010,481","20,559,501","18,031,262","23,794,788","27,602,698","24,474,273","19,607,625","23,817,912","18,975,236","20,774,515"
73 Articles Of Iron Or Steel,"57,270,056","55,054,598","90,131,539","64,145,459","78,682,079","66,568,922","71,415,103","50,453,025","50,313,295","50,342,801","65,227,650","65,514,050","64,692,816","47,363,719","55,234,278","52,260,625","47,879,726","46,623,498","51,595,935","58,833,843","66,135,650","53,587,261","52,427,540","61,869,973","49,830,376","47,837,562","61,820,451","58,662,094","59,809,574","52,472,836","53,174,420","68,083,953","51,723,082","68,108,634","65,202,205","71,692,267","52,764,516","71,375,183","78,222,891","59,003,195","65,594,673","63,189,078","54,237,059","56,304,784","54,997,463","63,075,616","54,819,353","50,120,025","40,154,181","46,259,249","60,137,728","51,209,392","56,660,055","47,391,928","44,243,188","49,099,640"
74 Copper And Articles Thereof,"134,564,605","143,629,892","153,752,133","166,652,419","179,654,576","185,340,644","164,395,215","159,617,025","147,999,530","153,105,430","142,037,624","105,646,810","99,131,163","128,722,174","188,087,162","177,722,746","151,803,980","120,297,773","129,111,792","128,952,353","117,553,937","138,659,969","129,490,712","188,071,266","156,317,938","138,968,406","187,693,952","161,497,989","140,342,284","138,500,116","149,047,943","155,612,304","167,662,707","178,960,079","184,089,180","177,514,010","150,869,646","178,255,592","190,890,006","190,883,117","96,273,644","78,109,948","118,416,427","66,875,482","74,583,397","178,064,779","196,919,238","50,624,232","32,357,828","47,412,606","71,001,737","75,233,444","63,402,571","49,100,203","51,018,414","37,400,479"
75 Nickel And Articles Thereof,"19,497,326","15,583,459","25,658,103","30,068,641","16,772,413","17,123,806","15,727,310","27,183,394","16,208,534","19,387,019","15,420,138","14,289,106","15,571,460","11,855,588","17,960,924","13,655,610","13,631,375","16,199,817","18,436,570","14,634,269","15,668,638","23,947,931","19,578,378","18,081,379","18,017,527","14,102,339","14,452,319","14,114,346","14,239,561","18,630,690","21,658,357","23,681,689","23,707,926","25,555,768","21,667,976","19,956,111","22,157,890","16,618,729","22,965,381","17,507,296","19,098,151","24,196,940","23,525,613","20,559,693","19,516,457","34,378,941","28,371,550","25,900,105","26,022,321","20,780,854","27,493,897","23,215,793","26,754,863","32,686,543","26,190,595","21,604,073"
76 Aluminum And Articles Thereof,"114,347,587","120,484,240","138,381,879","152,550,038","155,521,410","161,769,754","163,611,917","153,052,908","133,027,930","128,870,699","121,715,724","95,398,135","90,337,761","98,794,178","93,307,579","95,229,951","120,736,730","111,326,503","106,364,286","109,193,618","100,308,725","102,362,571","103,434,417","107,937,774","105,286,294","109,273,078","137,112,886","122,619,708","128,921,014","114,032,961","120,065,947","122,277,196","121,110,328","149,264,149","138,871,239","142,716,477","108,409,398","121,460,192","128,444,401","111,225,713","83,920,168","73,214,618","68,767,165","55,248,986","49,719,491","59,064,726","73,693,988","76,565,396","61,527,098","66,980,815","76,895,660","78,666,807","76,075,974","65,864,507","59,224,240","54,311,582"
78 Lead And Articles Thereof,"80,144","32,097","83,800","231,545","1,211,847","92,577","52,594","27,045","72,487","225,165","77,220","947,209","384,254","407,099","203,375","108,457","133,711","148,709","414,166","485,504","182,600","67,149","76,814","263,207","272,743","142,313","359,285","403,216","94,674","20,583","197,275","41,090","349,488","250,247","60,229","276,861","207,144","307,673","74,095","130,001","69,828","62,290","97,527","10,472,654","23,976,795","17,805,801","21,401,493","6,782,352","3,737,260","246,512","91,950","58,995","27,638","142,575","68,858","73,440"
79 Zinc And Articles Thereof,"4,785,699","5,091,520","4,843,931","4,851,571","4,304,584","3,556,889","4,418,710","5,209,638","5,499,781","7,127,282","4,344,007","4,086,947","8,581,564","26,745,775","14,453,591","3,390,194","2,609,939","1,683,145","2,055,218","2,062,389","2,339,518","1,859,937","1,349,895","4,449,036","874,608","2,230,795","2,886,685","1,802,567","1,657,423","7,280,258","3,625,295","1,814,488","7,796,021","4,372,971","11,176,632","6,817,766","6,585,593","4,254,885","3,684,166","2,240,037","3,451,673","1,425,301","1,797,587","1,542,461","1,463,224","1,763,069","8,370,118","462,048","744,475","26,525,983","473,200","461,646","722,376","529,573","513,398","681,531"
80 Tin And Articles Thereof,"69,674","48,290","131,726","58,984","58,829","213,475","57,161","603,686","454,484","1,021,222","762,859","447,656","780,604","879,977","703,135","238,979","768,599","377,359","551,012","621,497","473,856","488,213","431,381","789,041","320,768","394,678","587,817","1,009,714","576,094","741,283","785,004","473,737","556,804","613,321","430,962","460,933","292,436","608,911","766,518","583,747","533,976","630,482","699,050","715,907","646,674","966,764","626,158","704,234","371,576","709,113","703,629","595,038","441,629","710,397","386,431","521,666"
81 Base Metals Nesoi; Cermets; Articles Thereof,"10,628,018","10,834,382","13,265,301","19,137,604","13,438,375","14,079,217","18,512,154","15,991,650","10,438,720","13,282,927","11,593,651","13,461,418","10,163,288","9,835,646","12,326,975","11,837,638","11,618,798","14,559,172","13,190,949","9,723,966","8,057,563","11,682,201","10,130,243","11,258,872","13,647,869","8,277,747","10,300,069","12,435,828","10,674,281","11,760,997","12,852,037","14,230,155","12,234,685","11,220,986","11,926,494","13,775,865","10,881,575","12,099,029","15,401,636","15,068,657","16,093,665","15,474,230","12,869,004","14,050,773","12,520,275","17,396,937","16,242,063","16,222,897","15,886,936","11,738,118","19,956,794","15,668,176","19,867,003","17,008,158","18,057,591","18,311,160"
"82 Tools, Cutlery Etc. Of Base Metal & Parts Thereof","15,519,316","13,522,229","18,628,166","16,721,130","16,398,297","14,230,384","16,158,783","19,481,468","15,292,963","16,741,343","14,781,318","15,219,580","15,289,380","14,398,182","15,562,616","16,937,681","15,410,161","15,054,708","13,788,433","14,195,299","12,189,202","15,952,152","15,821,792","15,296,801","12,949,525","13,701,495","14,909,407","15,753,837","18,360,226","14,936,523","15,853,606","14,799,348","15,480,096","15,045,886","15,945,793","17,993,287","15,311,262","13,624,415","19,067,849","16,574,753","17,723,118","16,628,946","12,677,197","16,644,030","13,714,023","18,280,823","17,058,657","16,707,467","16,138,570","12,745,295","18,336,123","18,517,165","16,546,760","14,180,723","12,526,952","13,873,384"
83 Miscellaneous Articles Of Base Metal,"12,881,775","13,815,113","14,275,421","16,232,917","14,851,696","13,168,364","15,021,935","14,101,811","10,986,879","11,419,101","15,011,357","16,125,286","14,711,375","15,815,095","14,224,219","15,146,528","13,758,004","14,106,552","13,968,565","13,861,768","18,142,993","18,034,838","17,673,462","17,964,395","14,907,129","15,904,162","17,656,105","17,127,816","15,590,714","17,077,192","14,954,077","14,916,090","14,474,518","15,032,910","16,564,000","14,346,787","13,560,570","12,315,703","17,819,873","16,556,125","16,296,460","16,847,812","16,192,077","17,042,286","13,531,623","16,901,007","15,026,737","16,982,286","13,512,677","12,359,585","17,062,467","16,765,814","18,505,217","18,773,618","15,028,872","15,709,100"
"84 Nuclear Reactors, Boilers, Machinery Etc.; Parts","957,463,041","984,417,903","1,183,324,284","1,105,405,248","1,058,032,197","979,380,908","1,238,302,297","1,195,718,952","928,185,124","880,409,556","768,361,529","968,768,050","863,714,832","915,290,775","1,206,274,382","1,092,112,539","873,447,374","890,803,704","883,685,483","889,293,145","822,415,097","1,046,696,015","823,283,554","1,080,253,559","882,985,995","1,093,673,454","1,102,270,395","1,089,409,485","1,119,834,767","1,085,095,558","1,038,998,037","1,075,181,034","973,433,192","1,113,815,556","1,029,403,539","1,288,636,613","942,200,605","906,208,990","1,312,100,042","1,239,639,053","1,330,753,832","1,450,382,477","1,447,695,000","1,193,919,807","1,150,732,054","1,143,138,178","924,682,560","1,158,295,624","865,007,671","815,023,950","1,122,819,468","1,189,172,147","1,245,048,983","1,245,223,714","1,031,894,477","1,062,177,971"
85 Electric Machinery Etc; Sound Equip; Tv Equip; Pts,"1,020,618,208","839,347,083","1,074,231,123","1,052,252,389","1,021,133,941","1,074,137,617","1,192,486,756","1,116,853,507","1,106,661,910","1,075,267,276","1,013,481,217","1,166,501,051","1,017,994,729","811,161,181","1,155,245,124","977,617,299","1,060,348,182","973,260,298","1,005,278,287","1,094,114,930","1,052,406,451","1,106,492,920","993,247,975","1,131,274,665","1,024,193,863","927,057,704","960,122,231","961,162,658","970,883,203","1,068,029,143","980,985,193","1,045,678,558","1,069,941,079","1,087,660,841","1,016,239,930","1,017,886,398","1,062,297,474","861,012,705","1,107,262,316","1,012,060,725","999,669,476","1,057,592,152","999,412,195","1,177,762,670","1,028,664,312","1,170,973,508","1,169,560,615","1,233,631,419","1,044,695,755","1,276,400,579","1,366,924,383","1,203,801,992","1,191,545,258","1,126,598,935","1,065,885,728","1,211,799,576"
86 Railway Or Tramway Stock Etc; Traffic Signal Equip,"7,629,856","3,114,647","2,144,576","3,721,043","2,528,443","1,938,175","2,218,891","8,208,431","12,032,326","3,213,213","3,871,900","15,824,433","2,500,423","10,708,172","1,945,269","3,282,067","2,758,666","7,215,381","6,126,231","4,531,868","7,015,729","10,212,371","3,594,244","3,095,117","4,849,409","3,538,690","5,987,691","3,342,683","1,760,246","1,309,282","1,113,859","8,284,143","1,460,648","1,655,618","1,165,030","4,944,802","2,198,077","2,074,267","2,180,358","1,844,372","2,470,193","2,993,060","3,659,579","2,997,148","4,701,609","6,040,420","3,603,722","3,923,939","5,925,392","3,319,218","2,975,655","4,606,924","3,793,110","3,780,566","4,497,080","1,789,998"
"87 Vehicles, Except Railway Or Tramway, And Parts Etc","655,777,861","807,506,358","911,086,642","896,839,890","973,601,988","960,929,574","954,033,587","950,497,663","1,175,049,598","840,204,528","1,022,091,899","661,190,159","570,585,277","882,606,048","1,008,924,817","794,895,479","1,009,745,077","879,130,357","854,092,264","966,996,936","942,450,405","1,147,718,052","1,147,529,694","861,764,081","732,733,137","1,173,707,193","1,092,343,173","1,098,641,041","1,151,564,266","1,242,742,291","1,012,385,340","1,276,674,146","850,764,274","1,026,662,359","1,198,665,088","1,005,783,167","647,701,532","1,063,312,136","999,393,510","1,116,634,680","1,026,699,916","751,927,272","724,995,648","684,393,664","647,748,204","611,417,798","712,165,477","394,723,737","516,250,979","943,154,388","908,532,710","560,160,962","637,282,926","635,768,893","675,442,474","776,591,231"
"88 Aircraft, Spacecraft, And Parts Thereof","1,161,142,457","937,543,528","1,065,526,846","1,274,436,863","873,892,815","1,955,240,949","1,355,156,988","1,396,123,645","1,358,735,407","1,284,002,433","1,134,917,905","1,644,268,716","660,146,377","426,585,676","689,948,751","1,491,425,502","1,323,201,937","1,903,717,981","1,591,793,216","1,378,139,502","1,594,975,651","1,195,180,799","1,078,259,739","1,244,592,309","942,681,122","532,611,915","613,642,713","1,251,043,623","1,213,301,687","1,242,128,088","1,927,031,741","1,918,620,978","1,656,755,164","1,030,248,352","1,368,135,193","2,569,368,782","721,937,621","740,751,514","1,889,131,421","903,551,980","1,174,725,558","1,430,252,752","1,441,196,199","1,454,448,521","2,905,327,501","1,698,413,956","1,622,513,204","2,239,662,221","539,820,772","1,061,613,809","1,644,444,159","751,463,949","712,961,722","802,047,413","1,100,717,500","917,540,118"
"89 Ships, Boats And Floating Structures","2,424,187","2,117,058","2,431,278","2,372,440","4,279,562","1,985,217","2,086,880","1,048,374","1,037,478","1,525,980","664,519","1,876,168","7,522,550","2,551,997","3,969,865","2,939,817","2,213,790","1,378,821","1,608,646","1,302,106","1,622,111","1,363,662","1,637,995","740,803","1,726,063","2,828,110","2,848,025","2,399,085","2,255,143","3,820,543","1,163,388","1,125,191","1,914,831","2,613,689","1,858,798","678,381","1,939,601","3,909,442","4,287,623","2,996,899","1,149,537","1,139,022","881,866","1,304,442","695,483","364,834","981,067","1,929,158","999,379","2,086,673","536,207","1,143,274","1,913,043","1,192,378","477,150","524,135"
"90 Optic, Photo Etc, Medic Or Surgical Instrments Etc","593,294,526","465,262,494","813,899,512","629,851,090","670,734,554","679,631,840","637,893,170","641,494,100","704,775,005","688,308,933","608,231,242","787,457,009","569,996,145","545,731,915","804,870,750","648,119,267","713,063,741","751,628,889","661,429,264","710,475,813","686,302,661","715,609,598","684,369,278","775,448,903","497,081,694","637,341,218","787,340,087","745,817,046","723,309,492","838,461,408","653,685,132","752,791,028","769,648,862","769,148,052","747,985,386","895,762,253","669,564,279","553,435,621","940,100,733","793,470,085","862,150,278","961,949,412","839,088,199","973,333,221","806,145,006","759,395,820","773,026,699","856,418,878","656,778,630","642,387,033","925,140,494","738,501,209","929,850,114","877,263,110","729,894,161","849,372,885"
91 Clocks And Watches And Parts Thereof,"593,927","1,573,871","675,935","370,147","315,905","866,387","8,005,129","2,045,560","1,212,675","935,906","1,520,913","3,146,600","1,173,436","582,891","882,195","1,079,584","829,882","1,298,879","1,403,940","1,138,062","930,721","1,205,093","890,991","4,088,691","419,552","863,349","1,248,419","1,234,065","1,203,813","999,230","848,564","1,073,652","967,199","986,660","694,133","996,238","724,886","702,109","969,812","1,281,257","1,760,913","889,487","953,232","2,417,220","618,622","657,766","567,360","933,671","405,670","416,447","468,680","348,354","472,522","436,801","876,267","792,256"
92 Musical Instruments; Parts And Accessories Thereof,"2,678,236","2,033,860","1,725,385","1,459,724","1,934,785","2,190,954","2,033,840","1,899,504","1,384,729","1,187,956","2,467,899","1,695,811","1,320,815","1,163,349","1,303,936","1,923,039","2,135,327","2,036,472","2,456,539","2,021,393","2,739,626","1,242,696","1,647,644","3,118,205","1,080,689","1,672,668","6,375,370","2,463,271","5,421,101","3,248,096","2,092,374","2,132,391","2,257,053","2,611,916","2,395,951","3,263,720","1,732,701","1,439,312","2,892,330","2,542,372","3,402,545","2,440,290","3,252,582","3,367,550","3,167,611","2,744,719","3,648,096","2,255,129","1,457,243","3,249,326","2,466,829","1,472,956","4,121,826","2,530,514","2,400,520","2,429,370"
93 Arms And Ammunition; Parts And Accessories Thereof,"65,765","135,376","43,738","62,586","27,150","32,942","44,795","536,789","5,873","22,112","224,900","390,477","9,474","3,913","16,037","66,926","69,192","50,925","18,512","34,271","12,475","20,073","18,946","25,500","23,670","32,961","13,047","31,564","271,478","68,982","173,381","7,140","179,813","90,041","43,616","655,053",,"18,653","42,520","96,096","186,791","50,109","62,611","45,990","41,126","190,445","71,503","128,163","90,012","126,134","246,222","96,634","32,351","39,367","94,452","24,042"
94 Furniture; Bedding Etc; Lamps Nesoi Etc; Prefab Bd,"23,113,175","24,778,852","29,671,622","24,622,659","24,602,141","27,002,704","26,594,323","24,703,625","24,188,261","29,497,635","27,898,729","27,965,395","21,916,367","22,938,881","25,780,850","25,134,328","24,711,939","19,945,209","24,211,329","28,234,739","21,459,019","25,838,345","23,297,322","22,921,253","20,393,821","18,609,323","24,780,620","26,059,548","22,775,778","28,887,457","24,185,749","23,502,941","23,353,074","24,946,695","20,199,888","23,408,216","18,444,963","19,892,235","27,908,492","22,717,497","23,171,171","31,101,042","28,266,436","33,324,859","22,318,010","24,078,191","20,414,261","19,390,663","17,816,227","16,175,634","23,170,530","18,057,062","20,445,745","16,708,721","14,398,624","18,082,024"
"95 Toys, Games & Sport Equipment; Parts & Accessories","7,293,599","8,370,660","13,311,679","14,716,198","10,676,277","12,173,469","15,823,817","15,412,401","16,325,464","15,684,870","15,603,757","14,814,213","19,164,140","17,204,706","18,131,800","26,364,407","11,677,885","9,664,004","13,460,473","15,392,240","13,900,682","15,956,944","12,168,790","8,925,076","11,849,580","20,896,542","17,250,682","18,595,311","15,878,960","17,797,113","17,513,862","14,836,975","14,919,997","16,876,407","12,282,120","11,708,048","9,248,309","12,357,708","16,533,620","14,432,950","15,883,208","19,404,597","18,541,642","16,197,592","23,218,303","17,355,332","20,448,542","11,916,427","8,654,306","9,317,062","11,640,678","15,149,571","21,569,667","13,884,003","19,479,388","18,394,017"
96 Miscellaneous Manufactured Articles,"2,643,053","2,677,802","5,051,181","4,550,484","5,535,331","6,614,135","2,972,066","4,817,876","3,285,146","5,821,829","5,459,233","5,350,218","5,614,310","4,431,136","7,063,772","12,950,331","10,675,042","8,478,700","6,793,115","7,259,007","3,699,184","5,516,871","4,042,327","4,869,201","2,749,934","6,037,243","5,496,634","3,890,677","5,045,490","3,629,896","5,759,106","6,774,525","5,097,572","6,189,609","9,855,374","8,306,873","5,721,133","4,213,222","8,959,060","5,422,790","7,552,498","5,621,425","8,866,750","7,931,946","4,164,557","4,029,971","5,057,757","4,721,596","3,181,176","3,142,312","5,013,744","5,300,281","5,489,396","5,940,692","4,331,614","5,423,136"
"97 Works Of Art, Collectors' Pieces And Antiques","1,283,349","26,801,945","15,379,837","3,285,383","7,823,189","5,445,136","6,372,854","4,539,447","10,313,046","9,653,627","3,867,268","6,507,086","5,602,495","1,799,734","13,093,080","3,760,693","5,947,076","2,715,255","3,353,382","5,121,121","5,003,819","27,978,125","8,595,842","701,006","3,002,443","1,452,543","10,404,455","5,108,380","13,242,004","4,316,077","3,673,645","6,254,844","8,215,234","26,289,304","2,044,469","8,767,509","2,342,385","2,722,196","8,643,483","10,648,940","6,448,071","2,654,754","3,286,013","9,887,931","6,673,134","44,182,249","7,548,430","4,519,961","1,578,777","10,073,242","5,409,277","7,742,435","10,778,342","2,908,753","2,231,267","3,204,075"
"98 Special Classification Provisions, Nesoi","78,323,095","78,172,433","83,047,120","73,775,807","72,311,179","72,877,298","72,217,450","83,991,759","78,557,926","91,269,967","90,525,758","80,286,116","77,418,826","79,868,416","77,854,527","67,391,659","68,934,198","74,328,087","78,940,636","86,866,164","95,071,840","111,005,335","105,759,473","99,794,018","106,511,490","86,537,901","89,456,706","98,089,118","94,489,124","90,245,165","90,306,680","97,232,474","92,318,007","120,272,496","106,260,685","100,641,265","89,367,538","93,449,239","120,546,333","84,700,953","116,710,412","98,765,186","106,359,971","91,252,420","76,693,929","101,106,837","78,133,218","82,971,298","82,441,915","90,338,828","105,807,451","94,743,430","98,144,571","91,120,447","86,924,283","98,254,056"
"99 Special Import Provisions, Nesoi","78,323,095","78,172,433","83,047,120","73,775,807","72,311,179","72,877,298","72,217,450","83,991,759","78,557,926","91,269,967","90,525,758","80,286,116","77,418,826","79,868,416","77,854,527","67,391,659","68,934,198","74,328,087","78,940,636","86,866,164","95,071,840","111,005,335","105,759,473","99,794,018","106,511,490","86,537,901","89,456,706","98,089,118","94,489,124","90,245,165","90,306,680","97,232,474","92,318,007","120,272,496","106,260,685","100,641,265","89,367,538","93,449,239","120,546,333","84,700,953","116,710,412","98,765,186","106,359,971","91,252,420","76,693,929","101,106,837","78,133,218","82,971,298","82,441,915","90,338,828","105,807,451","94,743,430","98,144,571","91,120,447","86,924,283","98,254,056"
